Altitude (meters),Density (kg/m3)
0,1.22859
100,1.21686
200,1.20521
400,1.18217
800,1.13711
1600,1.05093
3200,0.89362
6400,0.63345
12800,0.27386